{
  "next-env.d.ts": 1776509216.405922,
  "next.config.js": 1769661608.728171,
  "postcss.config.js": 1769661608.73074,
  "tailwind.config.js": 1771423876.1923902,
  "app\\layout.tsx": 1776503601.9222867,
  "app\\page.tsx": 1776509154.9342763,
  "app\\(minimal-resume)\\layout.js": 1776505691.0160758,
  "app\\(minimal-resume)\\software-developer\\data.js": 1771497583.9807355,
  "app\\(minimal-resume)\\software-developer\\page.jsx": 1776506950.2252204,
  "app\\blog\\page.tsx": 1776509467.314386,
  "app\\blog\\[slug]\\page.tsx": 1776509477.4816072,
  "app\\contact\\page.tsx": 1776503934.2903693,
  "app\\projects\\page.tsx": 1776508564.0287626,
  "components\\BackOnEscape.tsx": 1776509460.608503,
  "components\\Base.jsx": 1771435045.5005505,
  "components\\Sidebar.jsx": 1771435720.7309532,
  "components\\TerminalCLI.tsx": 1776510327.5231504,
  "components\\minimal-resume\\about.jsx": 1771425270.0334823,
  "components\\minimal-resume\\courses.jsx": 1769661608.7201128,
  "components\\minimal-resume\\escape-to-home.jsx": 1776507037.3818326,
  "components\\minimal-resume\\experience.jsx": 1771497530.0246224,
  "components\\minimal-resume\\skills.jsx": 1769661608.7201128,
  "components\\minimal-resume\\summery.jsx": 1769661608.7216253,
  "components\\resume\\courseCard.jsx": 1769661608.7216253,
  "components\\resume\\education.jsx": 1769661608.7231226,
  "components\\resume\\experienceCard.jsx": 1769661608.7231226,
  "components\\resume\\info.jsx": 1771497996.1872556,
  "components\\resume\\intrestCard.jsx": 1769661608.7241373,
  "components\\resume\\otherSkillsCard.jsx": 1769661608.725137,
  "components\\resume\\profileCard.jsx": 1769661608.725137,
  "components\\resume\\skillsCard.jsx": 1769661608.726459,
  "components\\resume\\summeryCard.jsx": 1769661608.726459,
  "lib\\blog.ts": 1776509081.3729055,
  "README.md": 1769661608.545696,
  "content\\blog\\draft-example.md": 1776509098.0349433,
  "content\\blog\\rag-is-plumbing.md": 1776509094.1176002,
  "public\\Rahul-Gupta.pdf": 1771497634.0129597,
  "assets\\img\\rahul.jpg": 1769661608.716197,
  "public\\img\\potrait.svg": 1771432812.8950016,
  "public\\img\\rahul.jpg": 1771432812.8994858,
  "public\\img\\icon\\css3.png": 1771432812.8852506,
  "public\\img\\icon\\flutter.png": 1771432812.8863316,
  "public\\img\\icon\\git.png": 1771432812.8863316,
  "public\\img\\icon\\github.png": 1771432812.8878515,
  "public\\img\\icon\\html-5.png": 1771432812.8878515,
  "public\\img\\icon\\javascript.png": 1771432812.8878515,
  "public\\img\\icon\\jupyter.png": 1771432812.8878515,
  "public\\img\\icon\\linkedin.png": 1771432812.8878515,
  "public\\img\\icon\\node-js.png": 1771432812.892281,
  "public\\img\\icon\\python.png": 1771432812.8938046,
  "public\\img\\icon\\react.png": 1771432812.894484,
  "public\\img\\icon\\tailwind.png": 1771432812.8950016,
  "public\\img\\icon\\twitter.png": 1771432812.8950016,
  "public\\img\\icon\\vue-js.png": 1771432812.8950016,
  "public\\img\\projects\\neuroevolution.png": 1771432812.898373,
  "public\\img\\projects\\quicksplit.png": 1771436461.3633263
}